编号,品牌,产区,豆子名称,风味描述,参考价格/规格,每百克价格,优点,缺点,最新评分,萃取建议,首测日期,复测日期,复测日期,群友评价,群友评价,群友评价,群友评价
1,治光师,埃塞,野草莓,草莓酱 甜橙,128/450,28.444444444444443,甜感在线 风味明显,略有瑕疵 干净度弱 ,4-,,2023/5/6,2024/10/30,,,,,,
2,治光师,拼配,北野拼配,奶油 香料 黑巧,128/450,28.444444444444443,整体均衡,略有瑕疵 干净度弱 ,3.5,,2023/5/6,,,,,,,
3,分子,埃塞,液体芝士,芝士 可可,62/227,27,风味明显 性价比高,触感稍薄,4,,2023/6/10,,,,,,,
4,乔治队长,拼配,黑猫拼配,焦糖 黑巧,75/454,16.5,性价比高 整体均衡,风味指向弱,4,,2023/7/18,,,,,,,
5,启程拓殖,拼配,奶油葡萄,葡萄干 朗姆酒,59/200,29,风味明显 甜感高,触感稍弱 微有酵感,5,,2023/6/12,,,,,,,
6,启程拓殖,拼配,冰淇淋甜橙,冰淇淋 复合浆果 甜橙,66/200,33,性价比高 整体均衡,风味强度偏弱,4-,,2023/6/16,,,,,,,
7,良致,拼配,甜地球,甜葡萄 蜂蜜,68/200,34,甜感高,触感稍薄,4,,2023/7/8,,,,,,,
8,AOKKA,埃塞,花魁soe,花香 莓果酸质,60/250,24,性价比高 风味尚可,瑕疵率高 味道稍杂,3.5,,2023/7/16,,,,,,,
9,余未,拼配,意式拼配,黑巧 烟熏 木质,78/227,34.3,无,瑕疵率高 风味差 广告多,1,,2023/7/29,,,,,,,
10,艾思品,埃塞,流心巴斯克,芝士蛋糕 奶油饼干,73/227,32,风味明显 奶香丰富,触感稍薄 ,4,,2023/8/11,,,,,,,
11,明谦,拼配,教父,坚果 木质,39/200,19.5,醇厚度高 ,风味差 负面明显 广告多,2.5,,2023/7/29,,,,,,,
12,乔治队长,拼配,疣猪拼配,黑巧 坚果,75/454,16.5,性价比高 醇厚度高,味道稍杂 略有烟熏,4,,2023/8/3,,,,,,,
13,大咖岛,拼配,意式特浓,柠檬 蜂蜜 薄荷,82/454,18,性价比高 整体均衡,风味强度弱 层次弱,4,,2023/8/8,,,,,,,
14,Coffee Buff,拼配,朱古力buff,烤杏仁 焦糖 木质,76/250,30.4,甜感尚可,不耐萃 略有负面,4,,2023/8/10,2024/12/21,2025/3/26,,,,,
15,野刺猬,拼配,哥伦果酥,奶油 苹果 坚果,68/227,30,触感尚可 整体均衡,风味指向性弱,4,,2023/8/16,,,,,,,
16,河川水流,埃塞,黄金温泉,柑橘 红色浆果 芝士,65/200,32.5,风味明显 整体均衡,美式酸质稍沉闷,4.5,,2023/8/16,2024/8/12,2025/4/5,,,,,
17,布雷克,埃塞,原生瑰夏,花香 莓果,64/250,25.6,花香明显 性价比尚可,触感稍弱 甜感稍弱,3.5,,2023/8/31,,,,,,,
18,分子,拼配,液体黑巧,巧克力 榛子 可可,39/227,17.2,性价比高 风味明显 触感尚可,干净度稍弱,4,,2023/10/18,,,,,,,
19,云澜庄园,云南,柚子巴斯克,柚子 黄油 芝士,46.8/250,18.7,性价比高 柚子风味明显,瑕疵率高 味道杂 甜感稍弱,3+,,2023/10/7,,,,,,,
20,Joker,拼配,茶花女,花茶 绿茶 柑橘,74/227,32.6,花香四溢 奶咖清爽,醇厚度稍低,5,,2023/11/7,,,,,,,
21,Joker,拼配,任天糖,蜂蜜 花香,68/150,45.3,甜感在线 花香明显,层次感稍弱 性价比偏低,4,,2023/11/12,,,,,,,
22,Wood,拼配,野子奶糖,椰子奶糖 太妃糖,25/227,19.8,甜感高 风味具象 性价比高,触感差,4,,2023/11/15,,,,,,,
23,白鲸,埃塞,沙丘,红色莓果 桃子 花香,87/200,43.5,甜感在线 风味明显,美式微有酵感 酸质略尖涩,4+,奶咖,2023/12/30,2025/7/18,,,,,,
24,蓝瓶子,拼配,传奇律动,可可 饼干,138/200,69,整体均衡 干净,性价比低 风味指向弱,3-,,2024/1/4,,,,,,,
25,Coffee Buff,拼配,瑰夏自由4.0,花香 柑橘 桃子,106/250,42.4,香气明显 甜感充足,触感稍薄,5,,2024/1/5,,,,,,,
26,捌比特,埃塞,耶加雪菲soe,糖渍柠檬 树莓,38/100,38,酸质尚可,风味不足 味道略杂,3,,2024/1/11,,,,,,,
27,Bob,埃塞,花魁soe,花香 柑橘 ,60/227,26.4,风味明显 ,甜感稍弱 稍有杂味,4,,2024/1/24,,,,,,,
28,乔治队长,拼配,西海岸,蜜瓜 西瓜 水果糖,72/200,36,风味明显 清爽,触感稍弱,5,,2024/1/25,,,,,,,
29,隔壁工坊,拼配,五羊拼配,雪糕冰淇淋 ,38/100,38,整体均衡,风味指向弱,3,,2024/1/27,,,,,,,
30,良致,埃塞,龙眼coe版,红提 石榴 木瓜,63/200,31.5,水果风味明显 整体均衡,略有酵感,4,,2024/1/30,2024/9/14,,,,,,
31,扑满,拼配,5号拼配,黄油饼干,42/200,21,醇厚度尚可,风味不足 触感稍弱,3,,2024/1/31,,,,,,,
32,Littlemango,埃塞,奶砖拿铁,花香 香草冰淇淋,58/200,29,整体均衡 冰淇淋感明显,触感稍弱,4+,,2024/2/1,,,,,,,
33,绝对小孩,拼配,低因拼配,芝士 黄油比你哥哥,88/250,35.2,低因 芝士风味尚可,风味单一且强度弱,3.5,,2024/2/2,,,,,,,
34,Iris,拼配,Ink拼配,巧克力 烤榛子 烤杏仁,39/227,17.6,价格便宜 触感尚可,风味不足 味道稍杂,2,,2024/2/4,,,,,,,
35,有事没事,拼配,黄油拼配,黄油 烤杏仁,40/227,17.6,价格便宜 触感尚可,风味不足,3,,2024/2/7,,,,,,,
36,Joker,拼配,巴别塔,黄油饼干 烤榛子 焦糖,58/227,25.6,整体均衡 甜感在线 触感在线,风味指向弱,4,,2024/2/9,,,,,,,
37,Joker,拼配,摆脱冷气,莓果 核果 水果酒,78/227,34.4,水果风味明显 整体均衡,微有酵感,4+,适当降低萃取率,2024/2/11,2025/1/26,,,,,,
38,Seesaw,拼配,鹦鹉拼配,可可 焦糊 硫化物,50/200,25,无,瑕疵豆多 风味弱 负面明显,2,,2024/2/19,,,,,,,
39,良致,拼配,白巧克力,白巧 杏仁 红茶,58/200,29,甜感在线 触感好,稍腻,4-,,2024/2/21,,,,,,,
40,Littlemango,拼配,奶油泡芙,烤杏仁 可可 奶油,48/200,24,触感尚可,风味不足 不耐萃,3+,,2024/2/22,,,,,,,
41,扑满,埃塞,Yaye,饼干 坚果,88/200,44,整体均衡,风味不足 性价比偏低,3,,2024/2/24,,,,,,,
42,Rustic Roots,拼配,油画向日葵,奶油 焦糖,50/227,22,触感尚可 甜感尚可,风味一般 ,3.5,,2024/2/26,,,,,,,
43,牛小咖,拼配,说晚安（低因）,坚果 可可,78/300,26,低因,风味一般 触感差,3,,2024/2/23,,,,,,,
44,有容乃大,埃塞,埃塞之歌,花香 莓果,105/200,52.5,香气在线,性价比稍低 略有发酵感,4-,,2024/3/9,,,,,,,
45,皮爷,拼配,大航海家,烤榛子 麦芽糖 黑巧,108/250,43.2,整体均衡,瑕疵率高 性价比低,2.5,,2024/3/2,,,,,,,
46,河传水流,埃塞,粉色湖泊,桃子 花茶 咖啡花,138/200,69,香气明显,性价比偏低,4-,,2024/3/11,,,,,,,
47,乔治队长,拼配,粉象拼配,柑橘酸 花香 蜜瓜余韵 ,128/454,28.2,味道丰富 余韵微妙,奶咖稍腻,4+,,2024/3/6,,,,,,,
48,捌比特,拼配,大家瑰袖,深色莓果 焦糖 坚果,79/250,31.6,整体均衡,风味偏弱 干净度稍差,4-,,2024/3/7,2025/7/7,,,,,,
49,扑满,拼配,新航线,黑莓 饼干,90/454,19.8,整体均衡 干净度尚可,风味偏弱,3.5,,2024/3/5,,,,,,,
50,乔治队长,埃塞,哈马修soe,青柚 柑橘 覆盆子,66/200,33,香气明显 余韵清爽,触感稍薄,5,,2024/3/8,,,,,,,
51,佩植,拼配,纽约曲奇,黄油饼干 烤杏仁,42/150,28,整体均衡,风味指向弱 瑕疵率略高 广告多,2.5,,2024/3/9,,,,,,,
52,Softpillow,拼配,紫葡萄,紫葡萄 发酵感 八角,82/227,36.1,甜感尚可,发酵感太重,3.5,,2024/3/12,,,,,,,
53,乔治队长,拼配,牛奶公司,鲜花饼 费列罗巧克力,71/200,35.5,甜感高 干净,风味指向弱 性价比微低,4-,,2024/3/13,,,,,,,
54,珂来茉庄园,拼配,莫妮低苹果园,苹果酸 焦苦 烟熏,39.2/225,17.4,无,负面风味明显,1.5,,2024/3/15,,,,,,,
55,Softpillow,拼配,热带雨,花香 柑橘 热带水果,50.8/227,22.4,性价比高 整体干净 甜感尚可,触感稍弱,4,,2024/3/17,,,,,,,
56,Joker,拼配,查理工厂,黄油饼干 烤杏仁 白巧,48/120,32,触感好 干净度高,风味偏弱,4,,2024/3/19,,,,,,,
57,Softpillow,拼配,休息日,柑橘 枫糖 红茶,55.8/227,24.6,甜感高 性价比高,触感稍弱,4+,,2024/3/20,,,,,,,
58,四人,拼配,橙蜜,橙子 花香,88/454,19.4,风味具象 甜感高 性价比高,层次感稍弱 疑似增味,4,,2024/3/22,,,,,,,
59,艾榕,拼配,罗豆拼配,焦苦 烟熏,72/227,32.6,无,风味差 价格高 广告多,1,,2024/3/20,,,,,,,
60,艾思品,拼配,布朗生巧,巧克力 烤吐司 香料余韵,63/227,27.8,触感好 干净 风味具象,层次感稍弱,4.5,,2024/3/24,,,,,,,
61,Softpillow,拼配,饼干罐,黄油饼干 焦糖 奶油,42/227,18.5,触感顺滑 均衡 性价比高,风味指向性弱,4,,2024/3/26,,,,,,,
62,河汉,拼配,综合拼配,坚果 巧克力 焦糖,79/500,15.8,性价比高 整体均衡,风味指向弱 层次感稍弱,4,,2024/3/29,,,,,,,
63,豆叔,拼配,醇爵士,焦糖 坚果 黑巧,49.9/454,11,便宜,瑕疵率高 风味一般,2.5,,2024/3/31,,,,,,,
64,,,,,,,,,,,,,,,,,,
65,Softpillow,拼配,花丛中,金盏花 尤加利 樱桃 红酒,118.8/227,52.3,香气明显 层次丰富,小贵 奶咖一般,4,美式,2024/4/2,,,,,,,
66,野刺猬,埃塞,草莓派,草莓酱 橙子 奶油,69/200,34.5,酸质干净 甜感高 果汁触感,暂无,4.5,,2024/4/4,,,,,,,
67,Joker,拼配,那条龙,蜂蜜 乳酪 杏桃,78/227,34.4,甜感高,美式风味偏弱,4+,,2024/4/6,,,,,,,
68,佩植,拼配,熔岩可可,黑巧 焦苦 木质,39/150,26,无,性价比低 风味差  广告多,2,,2024/4/7,,,,,,,
69,变色龙,拼配,坠入爱河,酒香 发酵酸,30/114,26.3,甜感尚可,发酵感重 风味偏弱,3.5,,2024/4/9,,,,,,,
70,乔治队长,埃塞,阳光耶加soe,水果糖 陈皮 红茶,73/200,36.5,均衡干净 余韵尚可,触感稍薄,4,,2024/4/12,,,,,,,
71,乔治队长,埃塞,达摩soe,甜橙 花香 白巧,68/200,34,甜感高 香气明显,暂无,4.5,,2024/4/11,,,,,,,
72,良致,埃塞,龙眼,巴旦木 蜂蜜 龙眼,58/200,29,甜感高 整体均衡,风味不突出 触感稍差,4-,,2024/4/14,2024/9/14,,,,,,
73,艾思品,拼配,奶油嘎啦果,苹果派 奶油,87/227,38.3,暂无,性价比低 苦涩明显,2.5,,2024/4/17,,,,,,,
74,艾思品,拼配,豆乳盒子,豆乳 豆浆,85/227,37.4,奶咖风味明显,触感差 性价比低,3,,2024/4/18,,,,,,,
75,Tomfee,埃塞,瑰夏soe,花香 苹果 白巧,36/100,36,奶咖香气明显 甜感高,美式一般,4+,,2024/4/20,,,,,,,
76,Coffee Buff,哥伦比亚,瑰夏soe,雪花酥 杏仁 黄糖 绿茶,114/250,45.6,甜感高 干净度高,性价比稍低,4+,,2024/5/8,,,,,,,
77,乔治队长,拼配,黑豹拼配,黑巧 枫糖,94/454,21.1,整体干净 性价比高 奶咖甜感高,风味指向弱 略有瑕疵,4,,2024/4/24,,,,,,,
78,Joker,埃塞,夏夏浓,果酱 白巧 冰淇淋,93/227,40.9,风味突出 甜感高 ,稍贵,4.5,,2024/5/1,,,,,,,
79,Joker,拼配,小火炉,热红酒 迷迭香 奶油可可,78/227,34.3,酒香明显 甜感高,触感偏弱 余韵弱 发酵感稍重,4-,奶咖,2024/4/26,,,,,,,
80,启程拓殖,拼配,Danny Boy,烤榛子 黑巧,56/200,28,整体均衡,性价比稍低 缺乏风味特点,3.5,,2024/4/27,,,,,,,
81,佩植,拼配,落日香草,香草 百利甜,58/150,38.7,风味明显,触感差 味道偏杂 广告多 性价比低,2.5,,2024/4/29,,,,,,,
82,乔治队长,拼配,海狮拼配,太妃糖 焦糖 橘子糖,95/454,20.9,甜感尚可,触感差 层次感弱,3+,,2024/5/6,,,,,,,
83,八平方,埃塞,花魁soe,花香 杏干 白巧,65/250,26,花香明显 甜感高 性价比高,触感稍弱,4,,2024/5/1,,,,,,,
84,明谦,拼配,落日绵巧,黑巧 烟熏 坚果,53/500,10.6,便宜,瑕疵率高 风味差 触感差,2,,2024/5/3,,,,,,,
85,野刺猬,拼配,瑰夏自由,橙花 橘子糖 红茶 白巧,108/200,54,花香明显 均衡,略贵 触感稍薄,4,,2024/5/7,,,,,,,
86,明谦,拼配,美洲豹,榛子 太妃糖 焦苦,79/500,15.8,便宜,风味差 触感差 广告多,2,,2024/5/12,,,,,,,
87,辛鹿,拼配,白巧曲奇,曲奇饼干 白巧,46/252,18.3,甜感在线 性价比高 包装方便,风味前度稍弱,4,,2024/5/10,,,,,,,
88,逸摸鱼,埃塞,花魁7.0（手冲）,花香 热带水果,36/150,24,性价比高 甜感高 花香明显,暂无,4+,,2024/5/13,,,,,,,
89,Gee,埃塞,香水soe,花香 热带水果 草莓奶昔 奶茶,169/227,74.4,香气丰富 余韵微妙,触感稍薄 价格偏贵,4.5-,,2024/5/9,,,,,,,
90,启程拓殖,拼配,Shoegaze 联名款,菠萝蜜 巴斯克蛋糕 冰淇淋,66/200,33,干净清爽 奶咖甜感在线,美式相对一般,4+,,2024/5/16,,,,,,,
91,Rightpaw,拼配,浆果红丝绒,浆果 芝士蛋糕 酒感,82/200,41,奶咖尚可,发酵感过重,3.5,,2024/5/18,,,,,,,
92,乔治队长,拼配,荒诞故事,草莓 水蜜桃 樱桃,82/200,41,风味明显,余韵差 触感稍差 稍贵,4,,2024/5/21,,,,,,,
93,Water Power,埃塞,咸蛋黄芝士,蛋黄 芝士,69/200,35.5,奶咖风味明显,触感偏差 美式一般,3.5,,2024/5/19,,,,,,,
94,光咖坊,拼配,苹果白兰地,苹果 白兰地 酒心巧克力,165/454,36.3,风味具象 甜感高,微不耐萃 微有发酵感,5,冷奶咖,2024/5/20,,,,,,,
95,明谦,拼配,教父（金标）,焦苦,74/500,15,便宜,风味不足 广告朵 瑕疵率高,1.5,,2024/5/15,,,,,,,
96,Softpillow,埃塞,路边野餐,太妃糖 杏仁 普洱,58/227,25.6,便宜,不耐萃 风味不足,3,,2024/5/25,,,,,,,
97,风气,埃塞,春分soe,花香 白巧 柑橘,72/200,31,干净清爽 奶咖在线,酸度稍高 触感稍薄,4,奶咖,2024/5/27,,,,,,,
98,Pinda,拼配,白巧喷泉,白巧 奶昔 苹果,64/227,28.2,整体干净 甜感在线 ,触感稍薄 美式一般,4,奶咖,2024/5/28,,,,,,,
99,分子,拼配,Laze Laze,红苹果 巧克力 黑糖,95/454,20.9,整体均衡 无杂味 余韵长,风味强度弱,3.5+,,2024/5/29,,,,,,,
100,分子,埃塞,不苦buku,焦糖 香料 水果,76/227,33.5,奶咖高甜,低温甜感减弱 触感一般 ,4+,奶咖,2024/6/5,,,,,,,
101,李想咖,埃塞,蜜香梅soe,莓果 柑橘 李子,79/454,17.4,性价比高 整体均衡,触感稍弱,4-,延长养豆时间 冷奶咖,2024/6/6,2024/9/14,,,,,,
102,Hawelka,拼配,Kuba拼配,香草 焦糖,-,-,柔和 甜感在线,不好买到,4,,2024/6/7,,,,,,,
103,Zoy,拼配,可可海鸟,可可 香草,68/227,30,风味具象,风味单一 触感差 隐瞒处理法 态度恶劣,1,,2024/7/14,,,,,,,
104,光宗豆号,埃塞,瑰夏soe,莓果 奶油 坚果,76/250,30.4,水果风味明显,不耐萃 触感稍弱,4,,2024/6/11,,,,,,,
105,风气,埃塞,夏至soe,热带水果 白巧,62/200,31,风味干净 酸质明亮,不耐萃 触感稍薄,4,大幅降低萃取率,2024/6/10,,,,,,,
106,八平方,云南,红酒日晒,红酒 乌梅 酒心巧克力,68/250,27.2,酒香明显 奶咖在线,略有发酵感 触感稍弱,4,,2024/6/6,,,,,,,
107,良致,埃塞,软桃咕咚,白桃 奶油 花香,64.6/200,32.3,香气柔和 奶咖在线,触感稍薄 美式相对一般,4+,奶咖,2024/6/19,,,,,,,
108,如本,拼配,雨中曲,烤坚果 焦糖 烤苹果,68/227,30,干净均衡,风味指向弱,3.5,,2024/6/20,,,,,,,
109,AF,埃塞,映夏soe,柑橘 花香,32.4/227,14.3,性价比高 整体均衡,略不耐萃,4.5-,适当降低萃取率,2024/7/8,2025/6/11,,,,,,
110,风气,哥斯达黎加,丹桂soe,糖炒栗子 烤榛子 柑橘,66/200,33,香气扎实干净,触感稍薄 微有瑕疵,4+,,2024/6/27,,,,,,,
111,光宗豆号,埃塞,花魁soe,柑橘 草莓 白巧,75/250,30,香气明显 干净均衡,触感稍薄,4.5,,2024/6/28,,,,,,,
112,满仓豆,埃塞,草莓soe,草莓 桃子 白巧,78/200,31.2,风味具象 奶咖甜感高,发酵感重 美式和低温明显,3.5,热奶咖,2024/6/29,,,,,,,
113,Fritz,哥斯达黎加,哥斯达黎加soe,蜜瓜 可可 红茶,18k韩元/200,50,奶咖甜感高 香气明显,发酵感明显 不适合美式,3.5,,2024/6/30,,,,,,,
114,AF,埃塞,耶加雪菲soe,柑橘 白色花 焦糖,29.9/227,13.2,性价比高,不耐萃,4+,,2024/7/1,2024/9/14,,,,,,
115,littlemango,拼配,橘子汽水,陈皮 坚果 可可,50/200,25,均衡 醇厚度高,触感偏弱,4,,2024/6/25,,,,,,,
116,野刺猬,拼配,爆浆芝士挞,芝士 焦糖  花香,78/227,34.4,奶咖芝士风味明显 整体均衡,触感稍差 微有烟感,4,奶咖 适当降低萃取率,2024/7/3,,,,,,,
117,艾思品,拼配,麦巧脆墩墩,巧克力 威化饼干,55/227,24.2,醇厚度尚可,触感差 风味一般,2.5,,2024/7/10,,,,,,,
118,光咖坊,埃塞,甜橙茉莉,花香 甜橙 奶油,136/150,90.6,香气丰富 甜感高 奶油感明显,偏贵 层次感稍弱,4.5,,2024/7/10,,,,,,,
119,M2M,埃塞,糖渍果子,热带水果 蜜饯 杏干,71.9/250,28.8,甜感高 水果风味明显 ,低温稍苦,5-,,2024/7/10,2025/6/11,,,,,,
120,辛鹿,拼配,草莓曲奇,草莓酱 曲奇饼干,46/252,18.3,性价比高 没有杂味 包装也好,触感稍差,4+,,2024/7/10,,,,,,,
121,白鲸,拼配,三重奏（中烘版）,柑橘 芒果 芝士 红茶,59/250,23.6,均衡干净,醇厚度稍弱 风味指向性弱,4+,,2024/7/12,,,,,,,
122,野刺猬,拼配,玉兰糖,花香 焦糖 杏桃 白巧,78/200,39,高甜 干净均衡,暂无,4.5,,2024/7/12,,,,,,,
123,分子,拼配,野孩子拼配,冰淇淋 蛋黄,49/227,21.6,奶咖尚可 冰淇淋感明显,美式发酵感偏重,3.5,奶咖,2024/7/12,,,,,,,
124,Wood,埃塞,奶油榴莲,榴莲 芝士,76/227,33.5,风味明显,触感很差,3,大幅降低萃取率,2024/7/12,,,,,,,
125,Lilo,哥伦比亚,酵母水洗 奇洛索,蜜瓜 西瓜 芝士,-,-,香气明显 甜感高,触感稍差,5,提高浓度降低萃取率,2024/7/16,,,,,,,
126,启程拓殖,埃塞,花香桃子,桃子 花香,69/200,34.5,香气明显 甜感高,触感偏薄,4+,,2024/7/16,,,,,,,
127,光咖坊,埃塞,木姜子柠檬草,木姜子 青柠檬 绿茶,108/227,47.6,香气明显 层次丰富,甜感稍弱 稍贵,4+,,2024/7/16,,,,,,,
128,softpillow,拼配,十七英里,热带水果 白花香,82.5/227,36.5,酸质明亮 整体干净,美式酸度稍高,4,,2024/7/16,,,,,,,
129,KONO,拼配,经典意式拼配,可可 香草 吐司,85/200,42.5,香味浓郁 甜刚高,价格偏贵 不好买,4.5,,2024/7/24,,,,,,,
130,白鲸,拼配,烟嗓,焦糖 朗姆 黑巧,65/500,13,性价比高 甜感高 醇厚度高,咖啡因含量高 ,4,适当降低萃取率,2024/7/24,,,,,,,
131,Coffee Buff,拼配,珈满瑰夏,覆盆子果酱 草莓 椰子糖 奶油,106/250,42.5,莓果风味炸裂 香气四溢,触感微弱 价格稍贵,5,,2024/7/24,,,,,,,
132,菠萝成子,拼配,日式深烘,黑巧 坚果,79/250,31.6,醇厚度高,性价比低 风味偏弱,3-,,2024/7/24,,,,,,,
133,Joker,埃塞,橙花soe,花香 杏干 奶油布丁,58/150,38.7,干净均衡 花香明显,风味轻度稍弱,4+,适当提高萃取浓度,2024/7/28,,,,,,,
134,布雷克+山姆,印尼,曼特宁,木质 黑巧,149.8/1000,15,醇厚度高,不新鲜 包装差 顺滑度差,2.5,,2024/7/28,,,,,,,
135,Wood,拼配,草莓跳跳糖,草莓糖 荔枝,79/227,34.8,风味明显,发酵感重 触感薄 性价比低,3.5,,2024/7/28,,,,,,,
136,Coffee Buff,拼配,蓝莓华夫,蓝莓果酱 黑醋栗,121/250,48.4,风味明显,酸度偏高 触感稍差 性价比低,4,奶咖多加奶,2024/7/28,,,,,,,
137,野刺猬,拼配,可可威化,可可 威化饼干 烤核桃,68/224,30.4,整体干净 醇厚度高 ,价格稍贵,4,,2024/8/8,,,,,,,
138,AF,埃塞,花魁soe,橘子 荔枝 水蜜桃 可可 红糖,63.9/400,15.975,整体均衡 性价比高,风味强度稍弱 略不耐萃,4+,适当降低萃取率,2024/8/8,2025/7/14,,,,,,
139,空杯巴士,埃塞,花魁soe,荔枝 桔子 花香,70/227,30.8,整体均衡,风味弱 性价比低,3,,2024/8/8,,,,,,,
140,One Way,埃塞,冠军拼配,草莓 桃子 红茶,150/250,60,风味明显 甜感高,有发酵感 触感稍差 性价比低,4-,奶咖,2024/8/8,,,,,,,
141,Coffee Buff,拼配,瓜瓜乐,西瓜 百合 水蜜桃,148/250,59.2,风味明显,性价比偏低 触感稍差 酸度稍高,4,,2024/8/10,,,,,,,
142,Coral,拼配,MayMay,葡萄 蓝莓 菠萝 水果酒,98/200,49,香气明显,性价比低 发酵感安心,3.5,冷萃,2024/8/10,,,,,,,
143,Lilo,拼配,醺夏,花香 水蜜桃 热带水果,-,-,香气明显 甜感高 ,微有发酵感,4.5,奶咖,2024/8/10,,,,,,,
144,AF,拼配,鲸落,柑橘酸 烤坚果 奶油,36/227,15.8,整体均衡 触感圆润 性价比高,风味指向弱,4,奶咖,2024/8/10,,,,,,,
145,启程拓殖,拼配,Peace Attack,牛奶饼干 枫糖 浆果酸质,52/200,26,奶咖整体均衡 甜感尚可,发酵感过重,3,,2024/8/22,,,,,,,
146,Coffee Buff,肯尼亚,红梅符文,树莓 红糖 葡萄干 西柚,96/250,38.4,奶咖甜感高 整体均衡,性价比偏低 美式一般,3.5,,2024/8/22,,,,,,,
147,老王子,拼配,冲冲芒芒,芒果 橙子 巧克力,53/250,21.2,性价比高 水果风味明显,微有发酵感,4+,,2024/8/22,,,,,,,
148,AF,拼配,银河拼配,花香 焦糖 水果酸质 奶油,77/454,17,性价比高 均衡,风味指向弱,4,,2024/8/22,,,,,,,
149,光咖坊,拼配,朗姆酒葡萄,朗姆酒 葡萄干 奶油,158/227,69.6,风味明显 触感顺滑,稍贵,5,,2024/8/21,,,,,,,
150,Softpillow,云南,紫叶卡杜拉,苹果酸 奶油 红糖 生巧,58/227,25.6,整体均衡 醇厚度高,低温稍有负面,4,,2025/8/21,,,,,,,
151,Iris,拼配,Rain,烤坚果 烟丝 黑巧,44/227,19.4,醇厚度高 甜感尚可,略有烟熏 顺滑度低,3,,2025/8/21,,,,,,,
152,Wood,拼配,小鸟拼配,焦糖 黑巧 芝士,69/227,30.4,甜感尚可,性价比低 焦苦味明显,3-,,2025/8/21,,,,,,,
153,Fisher,埃塞,超级日晒 阿朵拉soe,肉桂 香料 花香,228/454,50.2,肉桂味明显,风味单一 性价比低,2.5,,2024/8/29,,,,,,,
154,四人,拼配,草莓月亮,芒果 草莓 荔枝,66/150,44,风味明显,发酵感偏容 层次感差 性价比低,3,,2024/8/29,,,,,,,
155,光咖坊,拼配,黄油松饼,黄油 松饼 酒心巧克力,69/227,30.4,甜感高 触感顺滑 整体均衡,稍贵,4+,dirty,2024/8/29,,,,,,,
156,豆叔,拼配,向日葵2.0,坚果 焦糖 木调,68.8/500,13.8,便宜 醇厚度尚可,负面风味明显,3,,2024/8/29,,,,,,,
157,ONA,拼配,Raspberry Candy,覆盆子果酱 芝士蛋糕 白巧,-,-,奶咖甜感高 风味明显,美式稍有酵感 瑕疵率稍高,4+,热奶咖,2024/9/2,,,,,,,
158,启程拓殖,埃塞,Aloha 埃塞纯享版,紫葡萄 燕麦饼干 果木 红茶,73/200,36.5,整体均衡 甜感尚可,美式一般 风味指向性弱,4,,2024/9/2,,,,,,,
159,Outman,埃塞,哇没啦,花香 柑橘 红茶,56/227,24.7,水果风味明显 奶咖甜感高,美式一般,4+,,2024/9/2,,,,,,,
160,One Way,拼配,瑰夏拼配,紫色花 深色浆果 可可,139/250,55.6,酸质明显,性价比低 触感稍差,3.5-,,2024/9/2,,,,,,,
161,Maxpresso,埃塞,古吉soe,花香 柑橘 莓果,89/227,39.2,花香明显 甜感高 耐萃,微贵,4+,,2024/9/6,,,,,,,
162,KONO,拼配,炭烧拼配,黑巧 松木 焦糖 烟丝,95/200,47.5,醇厚度高 回甘明显,性价比偏低 奶咖一般,3.5,手冲,2024/9/6,,,,,,,
163,Malina,埃塞,夏奇索soe,柑橘 莓果 提拉米苏 ,80/250,32,风味明显 干净均衡,暂无,4.5,热奶咖,2024/9/6,,,,,,,
164,M2M,埃塞,果丁丁soe,莓果 热带水果 红茶,95.9,38.4,水果风味明显 整体干净,略有发酵感,4,,2024/9/6,,,,,,,
165,Big Sur,埃塞,阿朵拉soe,龙井绿茶 柑橘,68/200,34,干净清爽 茶香明显,触感偏薄 风味强度稍弱,4.5,适当提高浓度,2024/9/12,,,,,,,
166,光咖坊,拼配,栗子蒙布朗,栗子蒙布朗蛋糕 烤坚果,99/227,43.6,风味明显,风味稍单一,4-,,2024/9/12,,,,,,,
167,ONA,巴西,巴西日晒soe,葡萄干 黑巧 朗姆酒,-,-,风味明显 甜感高,美式稍有酵感,4.5,,2024/9/12,,,,,,,
168,Pinda,拼配,花果果,草莓 蜜桃 橘子汽水 奶油,88/227,38.8,整体均衡,性价比稍低 奶咖低温偏枯,3.5,,2024/9/12,,,,,,,
169,好一点,拼配,甜巧拼配,坚果 黑巧,47/250,18.8,醇厚度高,风味不足,3,,2024/9/14,,,,,,,
170,KONO,拼配,欧罗巴拼配,黑巧 坚果 焦糖,85/200,42.5,醇厚度高 甜感尚可,性价比低,3.5,,2024/9/18,,,,,,,
171,辛鹿,埃塞,橘香茉莉,茉莉花茶 桃子,75/500,15,香气明显 性价比高,触感差 味道稍杂,3.5,,2024/9/18,,,,,,,
172,有容乃大,拼配,夏季拼配,综合水果 水果酒,115/200,57.5,果香明显,发酵感明显,4,,2024/9/18,,,,,,,
173,潮九,拼配,铁甲重拳,乌梅 黑糖 杏仁 黑巧,60/200,30,醇厚度高 甜感高,微有杂味,4.5-,,2024/9/18,,,,,,,
174,扑满,埃塞,桃气罐,桃子 柑橘 奶油 白花,69/200,34.5,干净 甜感高,触感稍薄 层次感稍弱,4.5-,,2024/9/24,,,,,,,
175,肆唯,云南 ,茉莉雪,茉莉花茶,149/227,65.6,风味明显,风味单一 触感偏差,3,,2024/9/24,,,,,,,
176,Joker,拼配,最后的晴语,香水柠檬 白花 杜松子,128/150,85.3,干净清爽 香气明显,触感稍薄 性价比偏低,5-,冰美式,2024/9/24,,,,,,,
177,星巴克,拼配,派克市场,烟熏 油薅 木质 烤坚果 ,60/200,30,醇厚度,风味差 性价比低,2,,2024/9/24,,,,,,,
178,乔治队长,卢旺达,尼温圭soe,乌梅 乌龙茶 黑糖 陈皮,66/200,33,风味扎实圆润 甜感尚可,低温触感稍差 苦度上升,4,热美式 热奶咖,2024/9/28,,,,,,,
179,Joker,拼配,最长的一天,黑布林 油桃 红色花,48/227,21.1,均衡 甜感高 性价比高,美式干净度稍弱 低温苦感变强,4.5,热奶咖,2024/9/28,,,,,,,
180,河汉咖啡,埃塞,果丁丁soe,综合水果 白花,68/200,34,整体均衡 水果风味明显,高温风味强度偏弱,4+,冰美式 冷奶咖,2024/9/28,,,,,,,
181,绝对小孩,埃塞,果丁丁soe,花香 偏桃仁 柑橘,9.9/50,19.8,小包装 性价比高 整体均衡,层次感稍弱,4,热奶咖,2024/9/28,,,,,,,
182,乔治队长,埃塞,班其玛吉 瑰夏soe,泰国柚子 樱桃 荔枝,72/200,36,酸质明亮 风味明显,不好萃 新手不友好,4.5-,,2024/10/10,,,,,,,
183,Joker,拼配,细细的红线,烤杏仁 果木 广藿香,48/227,21.1,整体均衡 风味扎实,酸质稍弱 风味明显,4-,,2024/10/10,,,,,,,
184,Drizzle,埃塞,原生瑰夏,橙花 蜂蜜 蓝莓 葡萄,-,-,奶咖花香馥郁,美式稍沉闷,4.5,热奶咖,2024/10/10,,,,,,,
185,绝对小孩,拼配,甜心手滑,烤坚果 黑巧,69/250,27.6,整体均衡 醇厚度高,风味偏弱,3.5,,2024/10/10,,,,,,,
186,Colinplus,拼配,1900,麦芽糖 过目 香草 黑巧,78/454,17.2,性价比高 甜感在线,美式相对平庸,4+,,2024/10/11,,,,,,,
187,Code Black,拼配,前妻,蜜瓜 坚果 太妃糖 黑巧,82/250,32.8,干净均衡 甜感在线,低温略有负面,5-,,2024/10/11,2025/5/12,,,,,,
188,Clip,埃塞,果丁丁soe,树莓 伯爵茶 饼干,78/200,39,干净清爽 茶味明显,味道稍淡 性价比稍低,4,,2024/5/22,,,,,,,
189,Chaka,埃塞,Arbegona,柠檬红茶 柑橘 草莓 水果糖,60澳元/1000,30,水果风味丰富 性价比高,触感稍薄,4.5,适当提高浓度,2024/10/11,,,,,,,
190,Asgard,越南,罗伯斯塔,烤花生皮 麦胚 坚果,-,-,醇厚度高 触感顺滑,风味差,2.5,,2024/10/11,,,,,,,
191,治光师,埃塞,潜水东路10号,金桔 白色花香,52/150,34.7,酸质干净 风味具象,风味强度弱 触感稍薄,4,,2024/10/23,,,,,,,
192,有容乃大,拼配,甜蜜蜜,综合水果 花香,85/200,42.5,水果花香明显,性价比偏低 风味复杂度过高,4-,,2024/10/23,,,,,,,
193,Batahewan,拼配,芒果班戟,芒果干 甜橙 奶油,85/200,42.5,风味明显 甜感尚可,层次感弱 奶咖风味强度弱,4,,2024/10/23,,,,,,,
194,分子,埃塞,甜橙乳酪,白葡萄酒 葡萄 蓝莓,56/227,24.7,风味明显 甜感尚可,触感差 处理法存疑,3.5,,2024/10/23,,,,,,,
195,Momos,哥斯达黎加,Fruity Bonbon,佛手柑 茉莉 焦糖,98/250,39.2,奶咖清爽 甜感高 ,美式相对一般,4.5,奶咖,2024/10/31,,,,,,,
196,Big Sur,拼配,红色恋人,李子 焦糖 奶油 浆果,48/200,24,平衡 水果风味明显 性价比高,风味略单一,4.5-,,2024/10/31,,,,,,,
197,分子,拼配,森林派对,麦芽糖 烤吐司 焦糖 杨梅,45/227,19.8,整体均衡 性价比高,酸质稍弱,4,,2024/10/31,,,,,,,
198,GrandCru,埃塞,瑰夏村 瑰夏soe,花香 蔓越莓 橘子糖,79/200,39.5,甜感尚可 微妙香料感,美式稍沉闷,4-,,2024/10/31,,,,,,,
199,Big Sur,埃塞,阿亚拉日晒soe,橙花柑橘 蓝莓 葡萄,75/200,37.5,花香明显 甜感在线,风味强度稍弱,4.5,奶咖适当减少奶量,2024/11/30,,,,,,,
200,野刺猬,埃塞,尤果瑰夏,热带水果 花香 稀奶油,83/227,40.1,花香明显 均衡,触感稍薄,4.5,适当提高浓度,2024/11/30,,,,,,,
201,启程拓殖,拼配,棉花糖,棉花糖 太妃糖 黑巧 李子,69/200,34.5,均衡柔和,触感稍差 低温苦感变高,4-,,2024/11/30,,,,,,,
202,咖啡列车,拼配,枪与玫瑰,黑巧 烤吐司 莓果酸质,19.6/100,19.6,均衡 性价比尚可,缺乏具体风味 低温苦,4,,2024/11/30,,,,,,,
203,光咖坊,埃塞,哈马修soe,草莓优格 奶油 花香,110/227,48.5,奶油触感 花香明显 奶咖甜感高,美式酸质稍沉闷,4+,热奶咖,2024/11/8,,,,,,,
204,分子,埃塞,黄桃优格soe,黄桃罐头 草莓优格 香兰素,53/227,23.3,奶香浓郁 性价比高,稍有点腻 处理方法存疑,3.5,,2024/11/8,,,,,,,
205,芳豆坊,拼配,水果拼配,甜花香 柑橘 莓果,49/227,21.6,花香明显 酸质明亮 性价比高,触感偏薄,4+,适当提高浓度,2024/11/8,,,,,,,
206,白鲸,拼配,巧克力泡芙,乌梅 黑巧 奶油泡芙,2/250,28.8,均衡干净 酸质微妙,下架了,4.5,,2024/11/8,,,,,,,
207,光咖坊,拼配,奶油话梅草莓,草莓 话梅 奶油 可可,110/227,48.5,风味具象 酸质柔和 奶油触感,层次感稍弱,4.5,,2024/11/5,,,,,,,
208,芳豆坊,拼配,蛋糕拼配,百利甜 香草 提拉米苏,63/227,27.8,风味具象 甜感尚可,层次感和触感稍弱 风味单一,4,,2024/11/5,,,,,,,
209,陆光,拼配,平克拼配,果味丰富 甜感高 均衡,75/227,33,果味丰富 甜感高 均衡,下架了,4.5,,2024/11/5,,,,,,,
210,白鲸,拼配,拿破仑,榛子 焦糖 烤吐司,69/250,27.6,整体均衡 甜感尚可,风味指向性弱,4-,,2024/11/5,,,,,,,
211,Lebunna,埃塞,耶加雪菲soe,绿茶 核果 白花香,129/200,64.5,酸质干净 茶香余韵,性价比偏低,4-,,2024/12/20,,,,,,,
212,扑满,拼配,原力,麦芽糖 饼干吐司,118/454,25.9,整体均衡,缺乏风味指向,3.5,,2024/12/20,,,,,,,
213,Go To,拼配,星空拼配,燕麦饼干 吐司 柑橘,74.9/227,33,均衡 甜感尚可,缺乏风味指向,4,,2024/12/20,,,,,,,
214,Proud Mary,巴西,巴西soe,坚果 焦糖 红茶,30.75澳/250,58,均衡 甜刚高 口感圆润,性价比偏低 低温苦感明显,4+,,2024/12/20,,,,,,,
215,Lebunna,埃塞,花魁soe,玫瑰 番石榴 草莓 水蜜桃,139/200,69.5,甜感高 花香明显 酸质柔和,价格偏贵,4,,2024/11/25,,,,,,,
216,风味之森,拼配,绿野仙踪,绿茶 黄糖 阳光玫瑰葡萄,98/200,49,甜感高 干净清爽,触感稍薄,4.5,,2024/11/25,,,,,,,
217,Anthracite,拼配,夏日漱石,甜橙 坚果巧克力,80/200,40,奶咖轻薄 整体清爽,美式偏生 风味强度弱,3.5,,2024/11/25,,,,,,,
218,Hometown,拼配,Queen City,烤坚果 黑巧 莓果酸质,14💲/12oz,30,整体均衡,风味偏弱,3.5,,2024/11/25,,,,,,,
219,乔治队长,埃塞,ALO 奇卡拉soe,茉莉花茶 柑橘,165/200,82.5,风味明显 甜感高 酸质明亮,价格贵,4.5-,,2024/11/30,,,,,,,
220,乔治队长,埃塞,ALO 邦比soe,草莓 芭乐 红茶,89/200,44.5,酸质柔和 整体均衡,风味强度偏弱,4+,美式,2024/11/30,,,,,,,
221,乔治队长,埃塞,班提宁卡soe,麝香葡萄 白花香 青苹果皮,78/200,39,余韵微妙 果香明显 甜感高,触感稍薄,4.5,,2024/11/30,,,,,,,
222,乔治队长,哥伦比亚,圣洁soe,李子 糖渍樱桃 苹果 肉桂 香料,78/200,39,层次感强 复杂度高,发酵感稍重,4,,2024/11/30,,,,,,,
223,光咖坊,埃塞,栀子乌龙 耶加soe,栀子花 乌龙茶 柑橘酸质,90/227,39.6,花香明显 茶感余韵,酸质稍弱 低温触感变差,4.5,热奶咖,2024/12/9,,,,,,,
224,Coffee Buff,拼配,可可芭蕾,乌梅 可可 焦糖,96/250,38.4,风味明显 口感扎实,略有酵感,4+,,2024/12/9,,,,,,,
225,Softpillow,拼配,草莓软糖,草莓优格 水果糖,81/227,35.7,风味具象,层次感弱 发酵感明显,4,,2024/12/9,,,,,,,
226,唯舍,拼配,3号拼配 流年,花香 草莓 甜橙,128/454,28.2,性价比高 风味明显 口感圆润,美式稍弱,4.5,奶咖,2024/12/9,,,,,,,
227,Monmouth,巴西,黄波旁,焦糖 可可 莓果酸质,3.3磅/100,30,整体均衡 甜感在线 酸质微妙,风味强度弱,4,,2024/12/13,,,,,,,
228,唯舍,拼配,六六的猫,枫糖 红茶 烤杏仁,69/227,30.4,甜感在线 整体均衡,酸质偏弱,4-,,2024/12/13,,,,,,,
229,启程拓殖,拼配,棉花糖,棉花糖 桃子,60/200,30,整体均衡 甜感尚可,风味强度弱,3.5,,2024/12/13,,,,,,,
230,河汉,拼配,新年拼配,橘子糖 莓果 水果酒,68/200,34,甜感高 风味明显 酒香微妙,复杂度稍低,4.5,,2024/12/13,,,,,,,
231,乔治队长,肯尼亚,佳赛茜soe,小番茄 话梅糖 可可,79/200,39.5,风味明显 甜感在线,略不耐萃,4,适当降低萃取率,2024/12/17,,,,,,,
232,Coffee Buff,拼配,秋枫美拉德,莓果酱 红枣 奶油 香草,91/250,36.4,整体均衡干净 触感圆润,风味指向性弱,4+,热奶咖,2024/12/21,,,,,,,
233,Coffee Buff,拼配,焦糖buff,焦糖 黑巧,60/250,24,便宜 均衡,层次感弱 不耐萃 风味指向弱,3+,,2024/12/21,,,,,,,
234,启程拓殖,拼配,Shoegaze 联名款,番石榴 葡萄 黑加仑 菠萝 红色花,62/120,51.6,酸质复杂 层次感强,酸度过高 发酵感明显 性价比低,3.5,,2024/12/27,,,,,,,
235,启程拓殖,拼配,Alhoa 联名款,花香 西梅 布林 红枣 红糖,62/120,51.6,甜感在线 整体均衡,风味指向弱 性价比偏低,4-,,2024/12/27,,,,,,,
236,启程拓殖,拼配,Bitter Creek,蜜饯 水果酒 红枣 可可,168/200,84,层次丰富 干净均衡,稍贵,4.5+,,2024/12/27,,,,,,,
237,启程拓殖,危地马拉,尖身波旁soe,麦芽糖 饼干 焦糖,148/200,74,整体均衡 天然低因,性价比低 缺乏风味,3.5,,2024/12/27,,,,,,,
238,启程拓殖,拼配,Tortoise,焦糖曲奇 柑橘 普洱茶 红糖,48/200,24,性价比高 甜感在线,缺乏具体风味,3.5+,,2024/12/27,,,,,,,
239,Balance,秘鲁,秘鲁Omni,烤坚果 可可 松木油,13加元/300,23,性价比高 整体均衡,风味强度弱 奶咖甜感弱,4,,2024/12/28,,,,,,,
240,三尺,拼配,由布之森,哈密瓜 西瓜 水果糖,128/125,102.4,香气明显 新手友好,低温触感茶 偏贵 层次感弱,4.5-,,2024/12/28,,,,,,,
241,尽力而为,拼配,甜花香,花香 柑橘 果脯,110/454,24.2,花香明显 甜感高 性价比高,奶咖风味稍淡 微有发酵感,4+,适当提高浓度,2024/12/28,,,,,,,
242,Go To,拼配,缤果意式拼配,葡萄 芒果 黄油 奶油,64.9/227,28.6,甜感高 风味丰富 性价比高,美式酸质稍弱,4+,奶咖,2024/12/28,,,,,,,
243,三尺,埃塞,泰安洋行,综合花香 葡萄 水果酒,88/125,70.4,花香馥郁 层次丰富,稍贵 味道复杂,4.5-,,2024/12/30,,,,,,,
244,周狮虎,拼配,巨峰葡萄,葡萄,79/227,34.8,风味具象,风味单一 层次感弱,3.5,,2024/12/30,,,,,,,
245,德林造味,埃塞,晒秋,枫糖 杏仁,48/200,24,便宜 整体均衡,缺乏风味,3.5,,2024/12/30,,,,,,,
246,Let's Grind,拼配,吃个瓜,蜜瓜 果汁 焦糖,69/227,30.4,干净柔和 风味明显,奶咖风味强度稍弱 甜感稍弱,4.5-,适当提高浓度,2024/12/30,,,,,,,
247,Go To,埃塞,哈马修soe,佛手柑 橘子 西柚 绿茶,131/227,57.7,香气明显 酸质明亮,触感稍薄,5,,2025/1/15,,,,,,,
248,光咖坊,拼配,奶枣拼配,红枣 白巧 酸角汁,99/227,43.6,奶咖甜感在线 整体均衡,美式酸质稍沉闷 风味强度偏弱,4,奶咖 适当提高浓度,2025/1/14,,,,,,,
249,四人,拼配,黑曜石,乌梅 黑糖 黑巧,58/227,25.6,便宜 整体均衡,层次感稍弱,3.5,,2025/1/14,,,,,,,
250,Code Black,拼配,3056拼配,红茶 焦糖 黑巧,30/100,30,整体均衡,风味偏弱,3,,2025/1/14,,,,,,,
251,白鲸,拼配,冬季拼配,提子 蓝莓 奶油,105/200,52.5,风味明显 触感顺滑,小贵 复杂度稍低 不耐萃,5-,大幅降低萃取率,2025/1/14,,,,,,,
252,AF,拼配,海上钢琴师,黑加仑 蜂蜜 焦糖,62.9/454,13.9,醇厚度高 甜感在线 性价比高,干净度弱 低温触感稍差,4+,调粗研磨 热奶咖,2025/1/20,,,,,,,
253,AF,拼配,绮梦乐章,话梅 榛子 烤吐司 哈密瓜,62.9/454,13.9,醇厚度高 甜感在线 性价比高,风味强度偏弱,4+,,2025/1/20,,,,,,,
254,谙客,肯尼亚,喜上眉梢,莓果干 李子 红茶,86/250,34.4,酸质明显 茶韵明显,奶咖有点奇怪,3.5,热美式,2025/1/20,,,,,,,
255,德林造味,拼配,黄油曲奇,黄油饼干 焦糖,41.2/200,20.8,整体均衡,风味偏弱,3.5,,2025/1/20,,,,,,,
256,光咖坊,拼配,金桔烤凤梨,金桔 凤梨 果干,108/227,47.6,风味明显 甜感在线,低温触感稍差 苦度上升,4+,,2025/1/24,,,,,,,
257,扑满,拼配,糖油果子,糖油果子 烤坚果,78/454,17.2,整体均衡 性价比高,缺乏具体风味,3.5+,,2025/1/24,,,,,,,
258,周狮虎,埃塞,城南花,白花香 热带水果 杏桃,85/227,37.4,花香明显 整体柔和,干净度稍差,4+,,2025/1/24,,,,,,,
259,洛凌,巴拿马,定制瑰夏soe,白色花 柑橘 和他 曲奇饼干,150/100,150,甜感高 风味明显,贵 奶咖太甜,4+,,2025/1/24,,,,,,,
260,乔治队长,拼配,贪心俱乐部,烤坚果 黑巧 松木,72/454g,15.9,性价比高 醇厚度高,风味偏弱 不耐萃 略有烟感,3.5-,,2025/1/23,,,,,,,
261,Joker,肯尼亚,小西梅omini,西梅 黑糖 乌梅,439/450,58.5,风味明显 甜感在线,层次感稍弱 不耐萃,4+,意式 冷萃,2025/1/23,,,,,,,
262,Bob,肯尼亚,肯尼亚soe,热带水果 焦糖,58/227,25.6,甜感高 性价比高,酸质稍沉闷 风味稍弱,4.5,,2025/1/23,,,,,,,
263,周狮虎,拼配,夜女王,黑巧 烤坚果,95/454,20.9,甜感尚可 价格尚可,味道稍杂 略焦糊 客服态度差,2.5,,2025/1/23,,,,,,,
264,Big Sur,拼配,经典意式拼配,坚果 焦糖 巧克力,55/200,27.5,整体均衡 甜感高,风味偏弱,4,,2025/2/10,,,,,,,
265,Softpillow,拼配,软可可,可可 坚果 焦糖,45.8/227,20.1,整体均衡,风味稍弱 触感稍弱 不耐萃,3.5,适当降低萃取率,2025/2/10,2025/4/14,,,,,,
266,Joker,埃塞,水果篮子 ,白花 橘子 葡萄柚,74.1/227,32.6,奶咖甜感高 风味明显,手冲酸质稍沉闷,4.5,,2024/7/1,2025/1/26,,,,,,
267,艾思品,拼配,梅烦恼,梅子 花香 焦糖,70/227,30.8,风味明显 甜感尚可,酸质稍沉闷,4,,2025/2/10,,,,,,,
268,乔治队长,拼配,棕熊拼配,茉莉花 柑橘 布林,92/454,20.2,甜感在线 整体均衡 性价比高,微有瑕疵,4+,,2025/2/10,,,,,,,
269,白鲸,拼配,闪电泡芙,黑巧 莓果 水果酒 焦糖,79/250,31.6,甜感在线 奶咖层次丰富,美式酸质稍焖 低温略有酵感,4+,热奶咖,2025/2/17,,,,,,,
270,Joker,埃塞,小石榴,金桔 石榴 水果糖,93/150,62,酸质明亮 水果风味明显,稍不耐萃 层次稍弱 小贵,4+,,2025/2/17,,,,,,,
271,河川水流,巴拿马,赶海 新春限定,热红酒 莓果 红苹果,198/200,99,奶咖好喝,酸质稍沉闷 略有发酵感 太贵,4-,热奶咖,2025/2/17,,,,,,,
272,光咖坊,拼配,冰糖葫芦,山楂 焦糖,115/227,51.1,甜感高 焦糖感明显,不耐萃 性价比稍低,4-,适当降低萃取率,2025/2/17,2025/5/10,,,,,,
273,河汉,云南,甜酒soe,红酒 黑巧,78/200,39,风味具象 奶咖甜感高,触感偏弱 略有酵感,4+,,2025/2/21,,,,,,,
274,Outman,云南,酒心巧克力,梅子酒 刺梨 蔓越莓,63/227,27.8,酒香明显 奶咖甜感尚可,发酵感重,3.5,,2025/2/21,,,,,,,
275,Light Wave,埃塞,罕贝拉 红酒日晒,红酒 石榴 樱桃 玫瑰花,72/200,36,风味明显 干净透亮 性价比高,奶咖稍撑不住,4.5+,没事 dirty,2025/2/21,,,,,,,
276,Outman,拼配,诺德02,烤坚果 焦糖,72/454,15.8,便宜 醇厚度高,焦糊味明显 味道杂,3,,2025/2/21,,,,,,,
277,Coffee Buff,拼配,没事buff,白花香 橙子 蜂蜜 黑加仑,81.25,32.4,花香明显 整体均衡,不耐萃 触感稍弱,4,适当降低萃取率 冷奶咖,2025/2/28,,,,,,,
278,Coffee kan,埃塞,G2 深烘,焦糖黑巧,159/200,79.5,整体均衡,性价比低,3-,,2025/2/28,,,,,,,
279,Coffee kan,拼配,经典意式拼配,黑巧 谷物 焦糖,159/200,79.5,醇厚度高,风味不足 味道杂 性价比低,2.5,,2025/2/28,,,,,,,
280,Light Wave,哥斯达黎加,黑蜜 塔拉珠 omini,梨 蜜瓜 威士忌,78/200,39,整体均衡 ,稍有酵感 触感稍弱,3.5,奶咖,2025/2/28,,,,,,,
281,Malina,埃塞,樱桃炸弹,烤杏仁 樱桃 可可,119/250,47.6,整体均衡 醇厚度高,触感稍差 性价比稍低 酸质便闷,4-,,2025/3/3,2025/5/30,,,,,,
282,Malina,埃塞,单车soe,芒果 莓果 黄油,6/20,30,风味微妙 余韵长 甜感高,热奶咖稍腻,5-,冷萃 凉奶咖,2025/3/3,,,,,,,
283,Malina,埃塞,阿吉娜soe,梨 蓝莓 橙汁,90/250,36,果汁感爆炸 层次丰富,奶咖甜感稍弱 ,5,美式 dirty,2025/3/3,,,,,,,
284,Yu roaster,埃塞,紫风铃soe,综合水果 花香,70/227,30.8,整体均衡 甜感高 复杂度高,美式酸质偏弱,4+,,2025/3/17,,,,,,,
285,星辰咖啡,埃塞,橙花soe,花香 柑橘 荔枝,64/200,32,花香明显 甜感高,触感稍弱 热奶咖稍腻,4+,美式 dirty,2025/3/17,,,,,,,
286,星辰咖啡,云南,卡迪姆,芒果 葡萄 可可,68/200,34,奶咖甜感尚可,风味强度低 性价比偏低,3.5-,,2025/3/17,,,,,,,
287,有容乃大,埃塞,盖德比soe,柑橘 焦糖 柚子皮,175/1000,17.5,性价比高 整体均衡 甜感在线,略不耐萃,4+,适当降低萃取率,2025/3/17,2025/5/22,2025/6/6,,,,,
288,Chembox,哥伦比亚,奇洛索soe,柑橘 覆盆子 葡萄 苹果 绿茶,76/250,38.4,酸质明亮 甜感高,无,4.5+,,2025/3/24,,,,,,,
289,Chembox,危地马拉,莫里托瑰夏soe,杏桃 茉莉 橘子,193/250,77.2,整体均衡 干净度高,奶咖甜感稍弱 性价比稍低,4+,冷奶咖,2025/3/24,,,,,,,
290,Chembox,拼配,17号咖啡工厂,坚果 黄油饼干 松木 焦糖,84/500,16.8,干净均衡 性价比高 奶咖甜感在线,微有烟感,4+,,2025/3/24,,,,,,,
291,白鲸,拼配,春季拼配,草莓 桃子 葡萄干 玫瑰,98/200,49,美式整体均衡 ,奶咖风味弱 性价比偏低,4-,,2025/3/26,,,,,,,
292,Big Sur,秘鲁,波玛瓦卡 水洗soe,李子 油桃 红色莓果 黄糖 可可,58/200,29,水果风味明显 酸质高,干净度稍差 低温触感稍差,4,,2025/3/26,2025/5/22,,,,,,
293,Coffee Buff,埃塞,渡晚秋soe,白色花 桃汁 奶油,123/250,49.2,奶咖高甜 风味突出,美式略有负面,4.5,奶咖,2025/3/26,,,,,,,
294,多听,埃塞,橙柚花园,紫色花 柚子 甜橙 莓果,86/200,43,整体均衡 花香余韵,触感稍弱 略不耐萃,4+,适当降低萃取率,2025/3/28,,,,,,,
295,多听,埃塞,花魁soe,玫瑰 浆果 树莓,66/200,33,整日均衡 甜感尚可,风味强度偏弱,3.5+,,2025/3/28,,,,,,,
296,多听,埃塞,ALO pb小圆豆soe,香蕉 草莓 蜜瓜 佛手柑,89/200,44.5,整体均衡 甜感在线 醇厚度高,美式酸质偏弱,4,,2025/3/28,,,,,,,
297,捌比特,埃塞,花魁soe,草莓 可可 焦糖 杏脯,64/250,25.6,整体均衡 甜感在线,风味稍弱,4,,2025/4/5,,,,,,,
298,老王子,拼配,好淘气,桃子 葡萄 苹果,52/250,20.8,整体均衡 奶咖甜感在线,略不耐萃 微有负面,4,适当降低萃取率,2025/4/5,,,,,,,
299,Littlemango,拼配,如意吉象,花香 葡萄干 莓果 香料 可可,53/200,26.5,层次感强 整体均衡饱满,微有负面,4+,,2025/4/5,,,,,,,
300,有容乃大,拼配,金钱至上,莓果 利口酒 可可,46/200,23,性价比高 整体均衡 风味明显,干净度稍差,4.5,,2025/4/14,,,,,,,
301,Malina,埃塞,Karamo soe,莓果 桃子 果汁,103/250,41.2,酸质干净 整体柔和,甜感稍弱,4+,美式 dirty,2025/4/14,,,,,,,
302,启程拓殖,拼配,香草巧克力朗姆酒,香草 巧克力 朗姆酒,58/200,29,风味具象 性价比高,触感稍弱,4.5,奶咖,2025/4/14,,,,,,,
303,青玉,云南,佤族威士忌,梅子酒 深色浆果 费列罗,48.5/227,21.4,干净均衡 复杂度高 性价比高,触感稍弱,4.5,冷奶咖,2025/4/16,,,,,,,
304,青玉,拼配,溏心栗子,烤栗子 焦糖 黑巧,81/454,17.8,性价比高 甜感高,干净度稍差,4,,2025/4/16,,,,,,,
305,青玉,埃塞,瑰夏拼配5.0,茉莉花 苹果 蓝莓 可可 焦糖,55/227,24.3,花香明显 甜感高 性价比高,美式干净度稍弱,4.5,热奶咖,2025/4/16,,,,,,,
306,青玉,拼配,千蓝promax,烤榛子 坚果 焦糖,45/227,19.8,整体均衡 性价比高,触感稍弱 干净度稍弱,4,,2025/4/16,,,,,,,
307,青玉,哥伦比亚,卡斯蒂有厌氧日晒,利口酒 红色水果 罗望子 巧克力 麦芽,78.5/227,34.6,复杂度高 风味明显,美式略有酵感,4+,奶咖,2025/4/16,,,,,,,
308,Malina,埃塞,Elto soe,葡萄 黑莓 荔枝 焦糖,87/250,34.8,美式酸质清爽 奶咖甜感高,触感稍薄,4.5,美式 dirty,2025/4/24,,,,,,,
309,牛小咖,拼配,罗马夹心饼干,坚果 饼干 谷物,79/300,26.3,咖啡因含量高,风味不足 性价比低,3-,,2025/4/24,,,,,,,
310,白鲸,埃塞,当你微笑时,花香 大吉岭茶 蜂蜜 柚子,53/200,26.5,香气明显 甜感高 性价比高,触感稍薄,4.5,,2025/4/24,,,,,,,
311,河汉,哥伦比亚,甜橙soe,葡萄柚 香草 甜橙,68/200,34,酸质明亮 风味明显,甜感稍弱,4+,,2025/4/24,,,,,,,
312,Chaka,拼配,巧克拉,黑巧 焦糖 坚果,65/420,15.5,性价比高 ,缺乏风味,3.5+,,2025/4/28,,,,,,,
313,白鲸,秘鲁,瑰夏 水洗 soe,黄柠檬 葡萄蜜柚 伯爵茶,143/200,71.5,酸质明亮 香气丰富,甜感稍弱 性价比低,4,,2025/4/28,,,,,,,
314,白鲸,卢旺达,波旁 水洗soe,红茶 苹果酱 柑橘,91/200,45.5,奶咖甜感高 茶韵明显,美式干净度稍弱,4.5-,奶咖 适当降低萃取率,2025/4/28,,,,,,,
315,斗总,埃塞,花魁X soe,花香 红茶 草莓,109/500,21.8,奶咖花香明显 性价比高,美式稍有负面,4,奶咖,2025/4/28,,,,,,,
316,有容乃大,拼配,冬季拼配,桃子 柚子 黑巧,-,-,风味明显,香气割裂,3.5-,,2025/5/5,,,,,,,
317,奶嘴,秘鲁,水洗soe,小红莓 黄糖 红茶 提拉米苏,58/200,29,酸质干净 水果风味明显,层次感稍弱,4.5+,,2025/5/5,2025/6/16,,,,,,
318,青玉,拼配,阳光假日拼配,综合花香 果汁 牛奶布丁,58/100,58,性价比稍低 ,复杂度偏高,4-,,2025/5/5,,,,,,,
319,小川,拼配,009精品拼配,红酒 琥珀 柏木 黑巧,99/150,66,香气微妙 甜感高,无,5-,,2025/5/5,,,,,,,
320,咖乐透,埃塞,莫奈晨雾,花香 葡萄柚 红茶,58/200,29,酸质轻盈 甘蔗甜感,热奶咖风味稍弱,4.5,美式 dirty,2025/5/10,,,,,,,
321,有容乃大,埃塞,欧隆索soe,柠檬 柚子 红茶,72/200,36,美式干净透亮 甜感在线,奶咖风味偏弱,4+,美式 冷萃,2025/5/10,,,,,,,
322,瑞幸,埃塞,耶加雪菲soe,柑橘 红柚 茶花,79/250,31.6,余韵尚可 风味尚可,烘焙日期不新鲜,3.5-,,2025/5/12,,,,,,,
323,京东,哥伦比亚,哥伦比亚soe,黑巧 焦苦,139/1000,13.9,便宜 醇厚度高,风味差 瑕疵率高,2.5,,2025/5/12,,,,,,,
324,有容乃大,埃塞,布库soe,菠萝 柑橘 杏桃 莓果,84/200,42,水果风味明显,酸度偏高 触感稍弱,4,,2025/5/12,,,,,,,
325,有容乃大,拼配,复兴拼配,榛果 可可 发酵,53/200,26.5,整体均衡,发酵感明显 味道杂,3.5,,2025/5/10,,,,,,,
326,有容乃大,拼配,春季拼配 深烘,蜜柚 菊花茶 焦糖,83/200,41.5,余韵微妙 整体均衡,美式酸感偏弱,4+,,2025/5/10,,,,,,,
327,有容乃大,拼配,春季拼配 浅烘,天竺葵 青柠 蜜柚 佛手柑 茉莉绿茶,111/200,55.5,香气馥郁 层次丰富,触感稍弱 小贵,5-,,2025/5/10,,,,,,,
328,有容乃大,埃塞,雅叶soe,洋甘菊 柚子 焦糖 莓果,106/200,53,干净度高 层次丰富 甜感在线,小贵,4.5-,,2025/5/10,,,,,,,
329,Sight Glass,拼配,春季拼配,橙花 罗望子 草莓,-,-,整体均衡 甜感尚可 余韵微妙,风味偏弱,3.5,,2025/5/22,,,,,,,
330,Chaka,埃塞,矮人定制 Danche,茉莉花 冰糖 伯爵茶 柑橘,46/120,38.3,花香四溢 甜感在线 性价比高,层次感稍弱,4.5+,适当调细研磨度,2025/5/22,,,,,,,
331,小川,拼配,002号拼配,黄油 烤吐司 烟丝 黑巧,99/150,66,醇厚度高 口感扎实,酸质偏弱 性价比偏低,4+,,2025/5/26,,,,,,,
332,弥翼,埃塞,莓莓红颜soe,蓝莓 柑橘 茉莉花,76/250,30.4,整体均衡,风味稍弱 触感稍弱,3.5+,,2025/5/26,,,,,,,
333,Coffee Buff,拼配,春季拼配,佛手柑 姜花 青柠 薄荷绿茶,106/250,42.4,清爽干净 茶香余韵,甜感稍弱,4+,,2025/5/26,,,,,,,
334,它香,拼配,富的流油,油薅 焦糊,140/200,70,无,瑕疵率高 性价比低 负面明显,1,,2025/5/26,,,,,,,
335,Big Sur,厄瓜多尔,加强铁皮卡 水洗 soe,西梅 梅子干 黄糖,198/200,99,酸质透亮 层次丰富 余韵长,奶咖甜感稍弱 性价比稍低,4.5-,,2025/5/30,,,,,,,
336,山姆,拼配,铂金咖啡豆,坚果 黑巧,120/800,15,定价合理 醇厚度高,缺乏风味 包装简陋,3,,2025/5/30,,,,,,,
337,乔治队长,哥伦比亚,粉波旁soe,李子 青提 伯爵茶,85/200,42.5,风味明显 层次感尚可,触感稍弱 甜感稍弱 略有负面,4-,,2025/5/30,,,,,,,
338,它香,拼配,开心果,烧焦的烂木头,109.9/200,55,无,瑕疵率高 风味差 性价比低,1,,2025/6/4,,,,,,,
339,青玉,埃塞,蒙塔莎 日晒 soe,甜花 橙子 核果,73/227,32.2,甜感高 风味明显,低温触感稍差,4.5,热奶咖,2025/6/4,,,,,,,
340,Chaka,埃塞,蒙塔莎 蜜处理,荔枝 桃花 柠檬,49/120,40.8,甜感高 风味明显,美式酸质稍沉闷,4+,奶咖,2025/6/4,,,,,,,
341,启程拓殖,拼配,Lost in summer 冷萃,树莓 杏桃 蜂蜜 红茶,72./200,36,风味明显,酵感偏重,3.5+,,2025/6/4,,,,,,,
342,山姆,拼配,经典意式拼配,坚果 烟熏,99.9/1000,10,便宜,瑕疵率高 负面风味明显,2,,2025/6/3,,,,,,,
343,Joker,埃塞,花魁omni,荔枝 蓝莓 菠萝 花香,60/150,40,花香明显 奶咖甜感高,美式酸质稍沉 微有负面,4+,奶咖,2025/6/3,,,,,,,
344,AF,拼配,黄油甜豆豆,黄油可颂 白巧克力,70/454,15.4,风味明显 甜感高 性价比高,低温触感稍差,4.5,热奶咖,2025/6/4,,,,,,,
345,光咖坊,哥伦比亚,气泡酒 瑰夏soe,洛神花 香槟酒 荔枝干 黄桃,159/100,159,层次丰富 香气四溢,价格贵 高温风味偏弱,5-,冷萃 冰滴 冷奶咖,2025/6/6,,,,,,,
346,麒麟方舟,拼配,蔓越莓曲奇,蔓越莓干 黑巧 奶油,43/200,21.5,性价比高 整体均衡,稍不耐萃,4+,适当降低萃取率,2025/6/11,,,,,,,
347,启程拓殖,埃塞,Rumudamo soe,红色花 菠萝 蓝莓 桃子,87.3/200,43.7,果香明显 层次丰富 甜感在线,微有酵感 小贵,4.5-,,2025/6/11,,,,,,,
348,麒麟方舟,拼配,橙香威化,甜橙 坚果 焦糖 威化,43/200,21.5,性价比高 整体均衡,略不耐萃 干净度稍弱,4,,2025/6/9,,,,,,,
349,辛鹿,埃塞,野草莓,曲奇饼干  莓果酸质,76.5/500,16.3,整体均衡 性价比高,风味强度偏弱,4,,2024/10/30,,,,,,,
350,Chaka,拼配,莓果炸弹,蓝莓果酱 樱桃 薄荷糖 红糖,39/120,32.5,风味明显 酸质明亮,风味单一 略有酵感,4,,2025/6/16,,,,,,,
351,河汉,拼配,春季拼配,甜花香 绿茶 柑橘,68/200,34,花香四溢 清新悠长,层次感稍弱,4.5,奶咖,2025/7/3,,,,,,,
352,河汉,拼配,全水洗拼配pro,白花 佛手柑 甜橙 红茶,188/200,94,整体均衡 干净度高,性价比低,4,,2025/7/3,,,,,,,
353,河汉,拼配,夏季拼配,柑橘 水果糖 花香,75/200,37.5,风味明显 酸甜均衡,层次感稍弱,4.5-,,2025/7/3,,,,,,,
354,河汉,拼配,综合拼配pro,坚果 红糖 杏脯,76/200,38,整体均衡 甜感在线,酸质稍弱 性价比微低,4-,,2025/7/3,,,,,,,
355,辛鹿,埃塞,溏心菠萝soe,菠萝 百香果 酒香,59/252,23.4,风味明显 性价比高,酵感明显,4+,奶咖,2025/7/8,,,,,,,
356,Chaka,埃塞,匿名者4.0,茉莉花 桃子 甜橙 蜂蜜,48/120,40,整体均衡 甜感在线,层次感稍弱,4+,,2025/7/8,,,,,,,
357,Malina,埃塞,蛋糕匣子,葡萄 深色浆果 核果,118/250,47.2,整体均衡 风味明显,微有酵感,4+,,2025/7/8,,,,,,,
358,太啡糖,秘鲁,赛级soe,蜜饯 枫糖 莲子,64/200,32,甜感高 整体均衡,低温触感稍弱,4+,,2025/7/8,,,,,,,
359,白鲸,哥伦比亚,睡美人（低因）,烤红薯皮 烤坚果,78/200,39,低因 甜感尚可,触感差 风味偏弱,3.5,,2025/7/14,,,,,,,
360,Joker,肯尼亚,叻事番茄,番茄 话梅糖,68/150,45.3,甜感高 风味明显,微不耐萃,4.5,,2025/7/14,,,,,,,
361,Big Sur,埃塞,哈马修soe,甜橙 油桃 红茶,95/200,47.5,整体均衡,性价比稍低 层次感稍弱,4,,2025/7/14,,,,,,,
362,青玉,云南,鲜花饼,乌梅 话梅糖 太妃糖 鲜花饼,76/227,33.480176211453745,风味明显 甜感在线,略有酵感 干净度稍低,4+,,2025/7/18,,,,,,,
363,Big Sur,埃塞,吉格萨soe,油桃 甜杏 伯爵红茶,67.5/200,33.8,甜感在线 均衡清爽,无,5-,冷奶咖 适当减少奶量,2025/7/18,,,,,,,
364,辛鹿,埃塞,溏心荔枝,核果 红茶 花香,39/112,34.9,整体均衡,微有酵感 干净度稍弱,4-,,2025/7/18,,,,,,,
365,Coffee Buff,洪都拉斯,潘塔纳庄园soe,蜜饯 黄杏 蜜瓜 巧克力,86/250,34.4,甜感尚可,风味不足 略有酵感,3.5,,2025/7/20,,,,,,,
366,Big Sur,秘鲁,赏花庄园 泉水冷发酵水洗瑰夏combo版,杏脯 杏皮水 白花香,228/200,114,风味明显 干净 甜感高,层次感弱 略贵,4.5-,,2025/7/29,,,,,,,
367,Code Black,拼配,季节拼配,樱桃 桃子 柑橘 柠檬草,113.25/250,45.1,风味明显 层次丰富,低温微有负面,4.5,,2025/7/30,,,,,,,
368,Padre,拼配,季节拼配,柑橘 太妃糖 杏仁,96.6/250,38.6,整体均衡 酸质柔和,略不耐萃 瑕疵率高,4,,2025/7/31,,,,,,,
369,Wide Open Road,拼配,Moon Pix 季节拼配,核果 树莓 糖浆,107.2/250,42.9,整体均衡 奶咖好喝,略不耐萃 微有负面,4.5-,,2025/8/1,,,,,,,
370,Let's Grind,埃塞,瑰夏农场 黑蜜soe,西柚 金桔 葡萄,72/227,31.7,酸质柔和 甜感高 ,层次感稍弱,4+,美式,2025/8/2,,,,,,,
371,Small Batch,拼配,The Ones we Love,麦芽 莓果 黄油 焦糖,89.3/250,35.7,热奶咖在线 甜感尚可,美式稍沉闷 触感稍差,4-,热奶咖,2025/8/2,,,,,,,
372,Axil,拼配,季节拼配,黑巧 烤坚果 发酵酸,89.3/250,35.7,无,瑕疵率高 味道杂,2.5,,2025/8/4,,,,,,,
373,乔治队长,埃塞,黑茉莉soe,茉莉花 黑巧 焦糖,108/454,23.8,风味明显 奶咖好喝 性价比高,酸质偏弱 处理法存疑,4+,,2025/8/5,,,,,,,
374,Yu roaster,埃塞,花仙子,花香 石榴汁 甜橙 杏桃,0.38766519823789,38.7,甜感高 整体均衡 ,酸质稍弱 干净度稍弱,4+,,2025/8/11,,,,,,,
375,穷学生小李,哥伦比亚,圣洁庄园soe,树莓 柑橘 葡萄干 白巧 牛奶,0.352,35.2,甜感在线 整体均衡,美式稍苦,4+,热奶咖,2025/8/14,,,,,,,
376,银时燕,拼配,木瓜拼配,啤酒花 车厘子 浆果,0.312,31.2,风味明显,风味割裂 层次感弱 触感偏差,3.5-,热奶咖,2025/8/15,,,,,,,
377,Big Sur,肯尼亚,涅里 PB小圆豆soe,红梅 黄糖 奇异果,108/200,54,酸质干净 甜感在线,略有负面 层次感弱,4+,,2025/8/16,,,,,,,
378,青玉,拼配,镜莲花拼配,白花 橘子 水果糖,45/100,45,整体均衡 甜感在线,酸质稍弱 干净度稍弱,4+,,2025/8/17,,,,,,,
379,SGL,拼配,黑巧拼配,黑巧 可可,59/454,13,醇厚度高 甜感尚可,略有烟感 缺乏风味,3.5+,,2025/8/18,,,,,,,
380,Joker,哥伦比亚,叻事玫莓,莓果酱 玫瑰,128/150,85.3,风味明显,层次单一 触感偏弱 性价比低,4-,,2025/8/19,,,,,,,
